<?xml version="1.0" encoding="utf-8"?>
<!--/991381/1605668/2.50/2/3/TVS Diode (Bi-directional)/-->
<quadcept_library>
  <setting unit="mil" />
  <textstyle name="Default" height="47.244094488189" strokewidth="7.8740157480315" charwidth="47.244094488189" />
  <textstyle name="Dimension" height="19.6850393700787" strokewidth="0" charwidth="19.6850393700787" />
  <textstyle name="H127W0635TH00762" height="50" strokewidth="3" charwidth="25" />
  <textstyle name="H15W15TH02" height="59.0551181102362" strokewidth="7.8740157480315" charwidth="59.0551181102362" />
  <padstyle name="r60_35" surface="True" plated="False" isvia="False" nopaste="False" nomask="True" complex="False" holesize="0">
    <padshape layer="TOP" shape="rectangle" width="13.779527559055" height="23.622047244094" />
    <padshape layer="TOP_SOLDER_MASK" shape="rectangle" width="21.653543307086" height="31.496062992126" />
    <padshape layer="TOP_SOLDER_PASTE" shape="rectangle" width="13.779527559055" height="23.622047244094" />
  </padstyle>
  <footprint name="AQ304501ETG" originx="0" originy="0" pickpointx="0" pickpointy="0">
    <pcbpin number="1" name="1" style="r60_35" originx="-12.795275590551" originy="0" rotation="0" />
    <pcbpin number="2" name="2" style="r60_35" originx="12.795275590551" originy="0" rotation="0" />
    <line layer="TOP_ASSEMBLY" originx="-19.685039370078" originy="-11.811023622047" endx="19.685039370078" endy="-11.811023622047" width="3.9370078740157" />
    <line layer="TOP_ASSEMBLY" originx="19.685039370078" originy="-11.811023622047" endx="19.685039370078" endy="11.811023622047" width="3.9370078740157" />
    <line layer="TOP_ASSEMBLY" originx="19.685039370078" originy="11.811023622047" endx="-19.685039370078" endy="11.811023622047" width="3.9370078740157" />
    <line layer="TOP_ASSEMBLY" originx="-19.685039370078" originy="11.811023622047" endx="-19.685039370078" endy="-11.811023622047" width="3.9370078740157" />
    <line layer="TOP_PLACE_BOUND" originx="-59.055118110235" originy="51.181102362204" endx="59.055118110235" endy="51.181102362204" width="3.9370078740157" />
    <line layer="TOP_PLACE_BOUND" originx="59.055118110235" originy="51.181102362204" endx="59.055118110235" endy="-51.181102362204" width="3.9370078740157" />
    <line layer="TOP_PLACE_BOUND" originx="59.055118110235" originy="-51.181102362204" endx="-59.055118110235" endy="-51.181102362204" width="3.9370078740157" />
    <line layer="TOP_PLACE_BOUND" originx="-59.055118110235" originy="-51.181102362204" endx="-59.055118110235" endy="51.181102362204" width="3.9370078740157" />
    <line layer="TOP_SILKSCREEN" originx="-39.370078740157" originy="0" endx="-39.370078740157" endy="0" width="7.8740157480314" />
    <arc layer="TOP_SILKSCREEN" originx="-41.338582677165" originy="0" startangle=".0" sweepangle="180.0" radius="1.9685039370079" width="7.8740157480314" />
    <line layer="TOP_SILKSCREEN" originx="-43.307086614173" originy="0" endx="-43.307086614173" endy="0" width="7.8740157480314" />
    <arc layer="TOP_SILKSCREEN" originx="-41.338582677165" originy="0" startangle="-180.0" sweepangle="180.0" radius="1.9685039370079" width="7.8740157480314" />
    <line layer="TOP_SILKSCREEN" originx="-39.370078740157" originy="0" endx="-39.370078740157" endy="0" width="7.8740157480314" />
    <arc layer="TOP_SILKSCREEN" originx="-41.338582677165" originy="0" startangle=".0" sweepangle="180.0" radius="1.9685039370079" width="7.8740157480314" />
  </footprint>
  <symbol name="AQ3045-01ETG" originx="0" originy="0">
    <line originx="400" originy="0" endx="200" endy="-100" width="0" />
    <line originx="200" originy="100" endx="200" endy="-100" width="0" />
    <line originx="200" originy="100" endx="400" endy="0" width="0" />
    <line originx="400" originy="0" endx="600" endy="-100" width="0" />
    <line originx="600" originy="100" endx="600" endy="-100" width="0" />
    <line originx="600" originy="100" endx="400" endy="0" width="0" />
    <line originx="400" originy="-80" endx="400" endy="80" width="0" />
    <line originx="360" originy="100" endx="400" endy="80" width="0" />
    <line originx="400" originy="-80" endx="440" endy="-100" width="0" />
    <sympin number="1" originx="200" originy="0" rotation="180" length="100" width="7.8740157480315" flipped="False">
      <text name="pinname" originx="0" originy="-20" style="Default" rotation="0" justify="upperleft" flipped="False" hidden="True" data="1" />
      <text name="pindes" originx="0" originy="20" style="Default" rotation="0" justify="lowerleft" flipped="False" hidden="False" data="1" />
    </sympin>
    <sympin number="2" originx="600" originy="0" rotation="0" length="100" width="7.8740157480315" flipped="False">
      <text name="pinname" originx="800" originy="-20" style="Default" rotation="0" justify="upperright" flipped="False" hidden="True" data="2" />
      <text name="pindes" originx="800" originy="20" style="Default" rotation="0" justify="lowerright" flipped="False" hidden="False" data="2" />
    </sympin>
  </symbol>
  <component name="AQ3045-01ETG" designatorprefix="D" height="16.535433070866" footprint="AQ304501ETG">
    <comppin designator="1" sympin="1" pinswap="0" gateswap="0" gate="1" group="1" side="" type="Any" name="1" />
    <comppin designator="2" sympin="2" pinswap="0" gateswap="0" gate="1" group="1" side="" type="Any" name="2" />
    <attached_symbol gate="1" name="AQ3045-01ETG" />
    <pinmap designator="1" footprintpin="1" />
    <pinmap designator="2" footprintpin="2" />
    <text name="Datasheet" originx="0" originy="0" style="Default" rotation="0" justify="" flipped="False" hidden="True" data="http://m.littelfuse.com/~/media/electronics/datasheets/tvs_diode_arrays/littelfuse_tvs_diode_array_aq3045_datasheet.pdf.pdf" />
    <text name="Description" originx="0" originy="0" style="Default" rotation="0" justify="" flipped="False" hidden="True" data="LITTELFUSE - AQ3045-01ETG - DIODE, AEC-Q101, ESD PROTECTION, SOD-882" />
    <text name="Manufacturer_Name" originx="0" originy="0" style="Default" rotation="0" justify="" flipped="False" hidden="True" data="LITTELFUSE" />
    <text name="Manufacturer_Part_Number" originx="500" originy="250" style="Default" rotation="0" justify="lowerleft" flipped="False" hidden="False" data="AQ3045-01ETG" />
    <text name="Mouser Part Number" originx="0" originy="0" style="Default" rotation="0" justify="" flipped="False" hidden="True" data="576-AQ3045-01ETG" />
    <text name="Mouser Price/Stock" originx="0" originy="0" style="Default" rotation="0" justify="" flipped="False" hidden="True" data="https://www.mouser.co.uk/ProductDetail/Littelfuse/AQ3045-01ETG?qs=lM4gFlnEeEMEfe%252B5jSw4OA%3D%3D" />
    <text name="Arrow Part Number" originx="0" originy="0" style="Default" rotation="0" justify="" flipped="False" hidden="True" data="AQ3045-01ETG" />
    <text name="Arrow Price/Stock" originx="0" originy="0" style="Default" rotation="0" justify="" flipped="False" hidden="True" data="https://www.arrow.com/en/products/aq3045-01etg/littelfuse?region=nac" />
  </component>
</quadcept_library>
